{"cameraMode":{"drawMode":0,"name":"Shaded","section":"Shading Mode"},"sceneLighting":true,"audioPlay":false,"sceneViewState":{"m_AlwaysRefresh":false,"showFog":true,"showSkybox":true,"showFlares":true,"showImageEffects":true,"showParticleSystems":true,"showVisualEffectGraphs":true,"m_FxEnabled":true},"in2DMode":false,"pivot":{"x":12.836447715759278,"y":-4.091189861297607,"z":28.34528350830078},"rotation":{"x":0.09883355349302292,"y":-0.00984947755932808,"z":0.0009783119894564152,"w":0.9950551390647888},"size":15.401580810546875,"orthographic":false}