{"cameraMode":{"drawMode":0,"name":"Shaded","section":"Shading Mode"},"sceneLighting":false,"audioPlay":false,"sceneViewState":{"m_AlwaysRefresh":false,"showFog":true,"showSkybox":false,"showFlares":true,"showImageEffects":true,"showParticleSystems":true,"showVisualEffectGraphs":true,"m_FxEnabled":true},"in2DMode":false,"pivot":{"x":4.2201128005981449,"y":-0.14450359344482423,"z":-0.807854175567627},"rotation":{"x":-0.06923481076955795,"y":-0.6527893543243408,"z":0.06010010465979576,"w":-0.7519829273223877},"size":3.8952207565307619,"orthographic":false}